0,CombatZoneResizeInstant,239,226,404,391,,,,
0,HeartTeleport,320,304,,,,,,
0,HeartMode,0,,,,,,,
0.3,
0,SansSlam,1
0,BoneV,158,232,120,0,300
0,BoneV,158,366,20,0,300,
0,BoneV,473,232,120,2,300,
0,BoneV,473,366,20,2,300,
0,Sound,BoneStab,1
0.5,BoneV,158,232,120,0,300
0,BoneV,158,366,20,0,300,
0,BoneV,473,232,120,2,300,
0,BoneV,473,366,20,2,300,
0,Sound,BoneStab,1
0,GasterBlaster,1,324,-20,324,106,90,0.34,0.1
0,GasterBlaster,1,264,-20,264,106,90,0.34,0.0,1
0,GasterBlaster,1,384,-20,384,106,90,0.34,0.0,1
0.7,BoneCircle,325,310,24,2,240,0,1,
0.1,BoneScaleChange,1,30,-3.5,,,,,
0.25,ULB_Cursor
0.25,HeartMode,0,,,,,,,
0,Sound,Ding,1
0.4,Sound,MenuSelect,1
0,ULB_Cursor2
0,CombatZoneSpeed,100
0,CombatZoneResize,39,226,204,391,,,,

0,BoneV,31,306,100,0,300,,,
0,BoneHR,31,216,400,1,200,2
0,Sound,BoneStab,1
0.5,BoneV,31,206,100,0,300,,,
0,BoneHR,31,401,400,3,200,1
0,Sound,BoneStab,1
0.5,BoneV,31,306,100,0,300,,,
0,BoneHR,31,216,400,1,200,2
0,Sound,BoneStab,1
0.5,BoneV,31,206,100,0,300,,,
0,BoneHR,31,401,400,3,200,1
0,Sound,BoneStab,1
0.5,BoneV,31,306,100,0,300,,,
0,BoneHR,31,216,400,1,200,2
0,Sound,BoneStab,1
0.5,BoneV,31,206,100,0,300,,,
0,BoneHR,31,401,400,3,200,1
0,Sound,BoneStab,1
0.5,BoneV,31,306,100,0,300,,,
0,BoneHR,31,216,400,1,200,2
0,Sound,BoneStab,1
0,BoneScaleChange,1,100,-0.5,,,,,
0,CombatZoneSpeed,35
0,CombatZoneResize,139,126,304,291,,,,
1,FadeScreen,0,0,1,0,
0,CombatZoneSpeed,100
0,Sound,Dark,1
0,ULB_Cursor3
0.05,CombatZoneResizeInstant,133,251,508,391
0,HeartTeleport,320,321
0,HeartMode,0
0,BoneVRepeat,128,257,130,0,180,10,200,2
0,BoneVRepeat,508,257,130,2,180,10,200,1,5
0.45,ULB_AngleFlip1
0,SineBonesOld,30,20,180,37,57
0.5,GasterBlaster,2,183,-50,183,156,90,1,0.2
0,GasterBlaster,2,283,-50,283,156,90,1.5,0.2
0,GasterBlaster,2,383,-50,383,156,90,2,0.2
0,GasterBlaster,2,483,-50,483,156,90,2.5,0.2
4,BoneCircle2,325,320,36,1,440,0,1,
0,ULB_AngleFlip2
0,ULB_BoneCC1
0.1,BoneScaleChange,1,90,-2,,,,,
0.4,SET,Loop,5,,,,,,
0,SUB,Loop,$Loop,1,,,,,
0,RND,Ang,360,,,,,,
0,COS,X,$Ang,,,,,,
0,SIN,Y,$Ang,,,,,,
0,MUL,EndX,$X,200,,,,,
0,MUL,EndY,$Y,200,,,,,
0,MUL,X,$X,400,,,,,
0,MUL,Y,$Y,300,,,,,
0,GetHeartPos,HeartX,HeartY,,,,,,
0,ADD,EndX,$EndX,$HeartX,,,,,
0,ADD,EndY,$EndY,$HeartY,,,,,
0,ADD,X,$X,$HeartX,,,,,
0,ADD,Y,$Y,$HeartY,,,,,
0,JMPNL,88,$EndX,50,,,,,
0,SET,EndX,50,,,,,,
0,JMPNG,90,$EndX,590,,,,,
0,SET,EndX,590,,,,,,
0,JMPNL,92,$EndY,40,,,,,
0,SET,EndY,40,,,,,,
0,JMPNG,94,$EndY,440,,,,,
0,SET,EndY,440,,,,,,
0,ANGLE,Ang,$EndX,$EndY,$HeartX,$HeartY,,,
0,GasterBlaster,1,0,0,$EndX,$EndY,$Ang,1,0.5
1,JMPNZ,73,$Loop,,,,,
1,GasterBlaster,1,324,-20,324,146,90,0.2,0.1
1.1,FadeScreen,0,0,1,0,

0,ULB_BoneRepeat1
0,ULB_Destroy1
0.5,RGBChange,40,1
0,BattleAngle,90
0.5,GetHeartPos,HX,HY
0,GasterBlaster,0,670,$HY,528,$HY,180,0.5,0.4
0,GasterBlaster,0,$HX,0,$HX,160,90,0.5,0.4
0,BoneHRC,133,401,900,3,120,0,0
1,GetHeartPos,HX,HY
0,GasterBlaster,0,670,$HY,528,$HY,180,0.5,0.4
0,GasterBlaster,0,$HX,0,$HX,160,90,0.5,0.4
1,GetHeartPos,HX,HY
0,GasterBlaster,0,670,$HY,528,$HY,180,0.5,0.4
0,GasterBlaster,0,$HX,0,$HX,160,90,0.5,0.4
0,BoneHRC,133,241,900,1,120,0,0
1,GetHeartPos,HX,HY
0,GasterBlaster,0,670,$HY,528,$HY,180,0.5,0.4
0,GasterBlaster,0,$HX,0,$HX,160,90,0.5,0.4
1,ULB_BoneRepeat1End
1.25,Sound,Ding2,1
0,RGBRChange,1.5,1
0.25,CombatZoneResizeInstant,239,226,404,391,,,,
0,HeartTeleport,320,304,,,,,,
0,HeartMode,0,,,,,,,
0,ULB_heal,50
1.2,ULB_GastersZoom


0.175,ULB_GastersZoom
0,GasterBlaster,0,0,0,189,176,45,0.35,0.1
0,GasterBlaster,0,640,0,449,176,135,0.35,0.1
0,GasterBlaster,0,640,480,449,436,225,0.35,0.1
0,GasterBlaster,0,0,480,189,436,315,0.35,0.1
0,GasterBlaster,1,264,-20,264,106,90,0.35,0.1
0,GasterBlaster,1,384,-20,384,106,90,0.35,0.1
0.17,ULB_GastersZoom3
0.17,ULB_GastersZoomEnd
0,BattleAngle,$a
0.015,GasterBlaster,1,0,0,189,246,0,0.35,0
0,GasterBlaster,1,640,480,449,366,180,0.35,0
1.1,SansSlam,3
0,BoneV,128,232,20,0,300,
0,BoneV,128,266,120,0,300,
0,BoneV,503,232,20,2,300,
0,BoneV,503,266,120,2,300,
0,BoneV,128,266,155,0,300,

0,BoneV,503,231,155,2,300,2
0,BoneV,128,231,155,0,300,2

0,ULB_Rotoscale
0.3,BoneV,503,231,155,2,300,1
0,BoneV,128,231,155,0,300,1
0,Sound,BoneStab,1
0.3,BoneV,503,231,155,2,300,2
0,BoneV,128,231,155,0,300,2
0,Sound,BoneStab,1

0.325,SansSlam,1
0,BoneV,128,232,155,0,300
0,BoneH,239,216,165,1,220,
0,BoneV,503,232,155,2,300,
0,BoneV,158,366,20,0,300,
0,BoneV,473,366,20,2,300,


0.525,ULB_ScreenYellow
0,HeartTeleport,320,340,,,,,,
0,HeartMode,0
0.6,ULB_ScreenYellowEnd
0,HeartMode,1
0,BoneVRepeat,518,362,34,0,0,100,10,0,1
0,BoneVRepeat,518,221,34,0,0,100,10,0,2
0,Platform2,305,357,35,0,0,0,3
0,Platform2,305,250,35,0,0,0,4
0.5,GasterBlaster,1,324,-20,324,106,90,0.05,0.1
0.5,SansSlam,0
0.19,ULB_ScreenBugAngle
0.01,BoneStab,0,20,0.4,0.5

0.6,SansSlam,3
0,BoneV,128,232,40,0,300,
0,BoneV,128,286,120,0,300,
0,BoneV,503,232,40,2,300,
0,BoneV,503,286,120,2,300,
0.3,BoneV,503,231,155,2,300,1
0,BoneV,128,231,155,0,300,1
0,Sound,BoneStab,1
0.2,StarE,685,-200,170,4,7

0.3,SansSlam,1
0.4,BoneHRC2,133,216,900,1,200,0,0.175,8,200
0.0,BoneHRC2,133,401,900,3,200,0,0.175,8,200
0.4,BoneHRC2,133,216,900,1,200,0,0.175,8,200
0.0,BoneHRC2,133,401,900,3,200,0,0.175,8,200
0,SansSlam,2
0.2,BoneStab,2,50,0.4,0.2
0.0,BoneStab,0,50,0.4,0.2
0.2,BoneHRC2,133,216,900,1,200,0,0.175,8,200
0.0,BoneHRC2,133,401,900,3,200,0,0.175,8,200
0.2,HeartMode,0
0,Sound,Ding,1
0,GasterBlaster,1,324,-20,324,106,90,0.277,0.1
0,GasterBlaster,1,264,-20,264,106,90,0.75,0.1,
0,GasterBlaster,1,384,-20,384,106,90,0.75,0.1,
0.2,BoneHRC2,133,216,900,1,200,0,0.175,8,200
0.0,BoneHRC2,133,401,900,3,200,0,0.175,8,200

0.3,ULB_BlasterSleep
0.1,BoneHRC2,133,216,900,1,200,0,0.175,8,200
0.0,BoneHRC2,133,401,900,3,200,0,0.175,8,200
0.4,BoneHRC2,133,216,900,1,200,0,0.175,8,200
0.0,BoneHRC2,133,401,900,3,200,0,0.175,8,200
0.4,BoneHRRepeat,133,216,900,1,400,10,10,1
0,BoneHRC2,133,216,900,1,200,0,0.175,8,200
0.0,BoneHRC2,133,401,900,3,200,0,0.175,8,200
0.4,BoneHRC2,133,216,900,1,200,0,0.175,8,200
0.0,BoneHRC2,133,401,900,3,200,0,0.175,8,200



0.3,GetHeartPos,HX,HY
0,GasterBlaster,0,$HX,100,$HX,100,90,0.1,0.1


0.1,BoneHRC2,133,216,900,1,200,0,0.175,8,200
0.0,BoneHRC2,133,401,900,3,200,0,0.175,8,200
0.3,GetHeartPos,HX,HY
0,GasterBlaster,0,$HX,100,$HX,100,90,0.15,0.1


0.1,BoneHRC2,133,216,900,1,200,0,0.175,8,200
0.0,BoneHRC2,133,401,900,3,200,0,0.175,8,200
0.3,GetHeartPos,HX,HY
0,GasterBlaster,0,$HX,100,$HX,100,90,0.15,0.1


0.1,BoneHRC2,133,216,900,1,200,0,0.175,8,200
0.0,BoneHRC2,133,401,900,3,200,0,0.175,8,200
0.3,GetHeartPos,HX,HY
0,GasterBlaster,0,$HX,100,$HX,100,90,0.15,0.1


0.1,BoneHRC2,133,216,900,1,200,0,0.175,8,200
0.0,BoneHRC2,133,401,900,3,200,0,0.175,8,200
0.3,GetHeartPos,HX,HY
0,GasterBlaster,0,$HX,100,$HX,100,90,0.15,0.1

0.2,GetHeartPos,HX,HY
0,GasterBlaster,0,$HX,100,$HX,100,90,0.15,0.1
0.2,GetHeartPos,HX,HY
0,GasterBlaster,0,$HX,100,$HX,100,90,0.15,0.1
0.1,ULB_BoneRiftEnd

0.1,GetHeartPos,HX,HY
0,GasterBlaster,0,$HX,100,$HX,100,90,0.15,0.1
0.2,GetHeartPos,HX,HY
0,GasterBlaster,0,$HX,100,$HX,100,90,0.15,0.1

0.2,CombatZoneResize,133,251,508,391

0.3,RND2,a,380,850
0,RND2,b,4,8
0,Star,$a,-200,170,4,$b
0,BoneHRRepeat,508,241,40,0,150,30,65,0,1
0,BoneHRRepeat,133,401,40,2,150,30,65,0,2
0,RND,a,640
0,RND,b,480
0,GetHeartPos,HX,HY
0,ANGLE,Ang,$a,$b,$HX,$HY
0,CHOOSE2,c,2,2,2,1
0,GasterBlaster,0,0,0,$a,$b,$Ang,0.3,0.1,$c
0,ULB_BoneSin2
2,RND2,a,380,850
0,RND2,b,4,8
0,Star,$a,-200,170,4,$b
0,BoneHRRepeat,508,241,40,0,150,30,65,0,1
0,BoneHRRepeat,133,401,40,2,150,30,65,0,2
0,RND,a,640
0,RND,b,480
0,GetHeartPos,HX,HY
0,ANGLE,Ang,$a,$b,$HX,$HY
0,CHOOSE2,c,2,2,2,1
0,GasterBlaster,0,0,0,$a,$b,$Ang,0.3,0.1,$c
2,RND2,a,380,850
0,RND2,b,4,8
0,Star,$a,-200,170,4,$b
0,BoneHRRepeat,508,241,40,0,150,30,65,0,1
0,BoneHRRepeat,133,401,40,2,150,30,65,0,2
0,RND,a,640
0,RND,b,480
0,GetHeartPos,HX,HY
0,ANGLE,Ang,$a,$b,$HX,$HY
0,CHOOSE2,c,2,2,2,1
0,GasterBlaster,0,0,0,$a,$b,$Ang,0.3,0.1,$c
0,GasterBlaster,1,700,320,550,320,180,0.5,0.3
2,RND2,a,380,850
0,RND2,b,4,8
0,Star,$a,-200,170,4,$b
0,BoneHRRepeat,508,241,40,0,150,30,65,0,1
0,BoneHRRepeat,133,401,40,2,150,30,65,0,2
0,RND,a,640
0,RND,b,480
0,GetHeartPos,HX,HY
0,ANGLE,Ang,$a,$b,$HX,$HY
0,CHOOSE2,c,2,2,2,1
0,GasterBlaster,0,0,0,$a,$b,$Ang,0.3,0.1,$c
2,RND2,a,380,850
0,RND2,b,4,8
0,Star,$a,-200,170,4,$b
0,BoneHRRepeat,508,241,40,0,150,30,65,0,1
0,BoneHRRepeat,133,401,40,2,150,30,65,0,2
0,RND,a,640
0,RND,b,480
0,GetHeartPos,HX,HY
0,ANGLE,Ang,$a,$b,$HX,$HY
0,CHOOSE2,c,2,2,2,1
0,GasterBlaster,0,0,0,$a,$b,$Ang,0.3,0.1,$c
0,GasterBlaster,1,700,270,550,270,180,0.5,0.3
0,GasterBlaster,1,700,370,550,370,180,0.5,0.3
2,RND2,a,380,850
0,RND2,b,4,8
0,Star,$a,-200,170,4,$b
0,BoneHRRepeat,508,241,40,0,150,30,65,0,1
0,BoneHRRepeat,133,401,40,2,150,30,65,0,2
0,RND,a,640
0,RND,b,480
0,GetHeartPos,HX,HY
0,ANGLE,Ang,$a,$b,$HX,$HY
0,CHOOSE2,c,2,2,2,1
0,GasterBlaster,0,0,0,$a,$b,$Ang,0.3,0.1,$c
0,GasterBlaster,1,320,0,320,150,90,0.5,0.15
0,GasterBlaster,1,200,0,200,150,90,0.5,0.15
0,GasterBlaster,1,440,0,440,150,90,0.5,0.15

2.5,ULB_ScreenScaleChange
0,PlayerHeal,50
1,ULB_ScreenXChange

0,RND2,a,153,488
0,RND2,b,251,391
0,GasterBlaster,1,$a,-40,$a,200,90,1.5,0.1
0,GasterBlaster,0,-40,$b,100,$b,0,1.5,0.1
0,RND2,a,153,488
0,RND2,b,251,391
0,GasterBlaster,1,$a,-40,$a,200,90,1.5,0.1
0,GasterBlaster,0,-40,$b,100,$b,0,1.5,0.1
0,BoneV,128,257,130,0,180,1
0,BoneV,508,257,130,2,180,1

1,RND2,a,153,488
0,RND2,b,251,391
0,GasterBlaster,1,$a,-40,$a,200,90,1.5,0.1
0,GasterBlaster,0,-40,$b,100,$b,0,1.5,0.1
0,RND2,a,153,488
0,RND2,b,251,391
0,GasterBlaster,1,$a,-40,$a,200,90,1.5,0.1
0,GasterBlaster,0,-40,$b,100,$b,0,1.5,0.1
0,BoneV,128,257,130,0,180,1
0,BoneV,508,257,130,2,180,1

1,RND2,a,153,488
0,RND2,b,251,391
0,GasterBlaster,1,$a,-40,$a,200,90,1.5,0.1
0,GasterBlaster,0,-40,$b,100,$b,0,1.5,0.1
0,RND2,a,153,488
0,RND2,b,251,391
0,GasterBlaster,1,$a,-40,$a,200,90,1.5,0.1
0,GasterBlaster,0,-40,$b,100,$b,0,1.5,0.1
0,BoneV,128,257,130,0,180,1
0,BoneV,508,257,130,2,180,1
0,CHOOSE,A,0,2
0,BoneStab,$A,178,3,1
1,RND2,a,153,488
0,RND2,b,251,391
0,GasterBlaster,1,$a,-40,$a,200,90,1.5,0.1
0,GasterBlaster,0,-40,$b,100,$b,0,1.5,0.1
0,RND2,a,153,488
0,RND2,b,251,391
0,GasterBlaster,1,$a,-40,$a,200,90,1.5,0.1
0,GasterBlaster,0,-40,$b,100,$b,0,1.5,0.1
0,BoneV,128,257,130,0,180,1
0,BoneV,508,257,130,2,180,1


1,RND2,a,153,488
0,RND2,b,251,391
0,GasterBlaster,1,$a,-40,$a,200,90,1.5,0.1
0,GasterBlaster,0,-40,$b,100,$b,0,1.5,0.1
0,RND2,a,153,488
0,RND2,b,251,391
0,GasterBlaster,1,$a,-40,$a,200,90,1.5,0.1
0,GasterBlaster,0,-40,$b,100,$b,0,1.5,0.1
0,BoneV,128,257,130,0,180,1
0,BoneV,508,257,130,2,180,1

1,RND2,a,153,488
0,RND2,b,251,391
0,GasterBlaster,1,$a,-40,$a,200,90,1.5,0.1
0,GasterBlaster,0,-40,$b,100,$b,0,1.5,0.1
0,RND2,a,153,488
0,RND2,b,251,391
0,GasterBlaster,1,$a,-40,$a,200,90,1.5,0.1
0,GasterBlaster,0,-40,$b,100,$b,0,1.5,0.1
0,BoneV,128,257,130,0,180,1
0,BoneV,508,257,130,2,180,1

1,RND2,a,153,488
0,RND2,b,251,391
0,GasterBlaster,1,$a,-40,$a,200,90,1.5,0.1
0,GasterBlaster,0,-40,$b,100,$b,0,1.5,0.1
0,RND2,a,153,488
0,RND2,b,251,391
0,GasterBlaster,1,$a,-40,$a,200,90,1.5,0.1
0,GasterBlaster,0,-40,$b,100,$b,0,1.5,0.1
0,BoneV,128,257,130,0,180,1
0,BoneV,508,257,130,2,180,1
0,CHOOSE,A,0,2
0,BoneStab,$A,178,3,1
1,RND2,a,153,488
0,RND2,b,251,391
0,GasterBlaster,1,$a,-40,$a,200,90,1.5,0.1
0,GasterBlaster,0,-40,$b,100,$b,0,1.5,0.1
0,RND2,a,153,488
0,RND2,b,251,391
0,GasterBlaster,1,$a,-40,$a,200,90,1.5,0.1
0,GasterBlaster,0,-40,$b,100,$b,0,1.5,0.1
0,BoneV,128,257,130,0,180,1
0,BoneV,508,257,130,2,180,1

1,RND2,a,153,488
0,RND2,b,251,391
0,GasterBlaster,1,$a,-40,$a,200,90,1.5,0.1
0,GasterBlaster,0,-40,$b,100,$b,0,1.5,0.1
0,RND2,a,153,488
0,RND2,b,251,391
0,GasterBlaster,1,$a,-40,$a,200,90,1.5,0.1
0,GasterBlaster,0,-40,$b,100,$b,0,1.5,0.1
0,BoneV,128,257,130,0,180,1

1,RND2,a,153,488
0,RND2,b,251,391
0,GasterBlaster,1,$a,-40,$a,200,90,1.5,0.1
0,GasterBlaster,0,-40,$b,100,$b,0,1.5,0.1
0,RND2,a,153,488
0,RND2,b,251,391
0,GasterBlaster,1,$a,-40,$a,200,90,1.5,0.1
0,GasterBlaster,0,-40,$b,100,$b,0,1.5,0.1
0,BoneV,128,257,130,0,180,1
0,BoneV,508,257,130,2,180,1

1,RND2,a,153,488
0,RND2,b,251,391
0,GasterBlaster,1,$a,-40,$a,200,90,1.5,0.1
0,GasterBlaster,0,-40,$b,100,$b,0,1.5,0.1
0,RND2,a,153,488
0,RND2,b,251,391
0,GasterBlaster,1,$a,-40,$a,200,90,1.5,0.1
0,GasterBlaster,0,-40,$b,100,$b,0,1.5,0.1
0,BoneV,128,257,130,0,180,1
0,BoneV,508,257,130,2,180,1
2.5,ULB_ScreenScaleChangeEnd
0,ULB_RedWarnEnd
0,PlayerHeal,70
0,SansHead,ULB_NoEyes
0,ULB_AuraStop
6.5,ULB_AuraPlace
0.75,ULB_AuraPlace
0.75,ULB_AuraPlace
0.75,ULB_AuraPlace
0.75,ULB_AuraPlace
0.4,ULB_AuraPlace
0.4,ULB_AuraPlace
0.4,ULB_AuraPlace
0.4,ULB_AuraPlace
0,FadeScreen,0,1,0.5,0.5
0.4,ULB_AuraPlace
0.4,ULB_AuraPlace
0.4,ULB_AuraPlace
0.4,ULB_AuraRevive
0.2,Sound,Dark,1
0,ULB_LayerEffect1
0,ULB_GasterF
0,ULB_GasterFMove

0,UneuneRepeat,123,291,0,150,180,14,140
0,UneuneRepeat,498,351,2,150,0,14,140
0,RND,a,640
0,Lerf,$a,200
0,RND,a,640
0,Lerf,$a,200
0,RND,a,640
0,Lerf,$a,200
0,RND,a,640
0,Lerf,$a,200

2,BoneV,128,257,130,0,180,1
0,BoneV,508,257,130,2,180,1
2,BoneV,128,257,130,0,180,1
0,BoneV,508,257,130,2,180,1
2,BoneV,128,257,130,0,180,1
0,BoneV,508,257,130,2,180,1
2,BoneV,128,257,130,0,180,1
0,BoneV,508,257,130,2,180,1
2,BoneV,128,257,130,0,180,1
0,BoneV,508,257,130,2,180,1
2.75,TestDonutsCover
0,PlayerHEal,20,
0,ULB_GasterF2
0,ULB_GasterFDestroy
0,RND2,a,50,100
0,RND2,b,50,100
0,TestDonuts,$a,$b,160,270
0,RND2,a,50,100
0,RND2,b,50,100
0,TestDonuts,$a,$b,160,370
0,RND2,a,50,100
0,RND2,b,50,100
0,TestDonuts,$a,$b,470,370
0,RND2,a,50,100
0,RND2,b,50,100
0,TestDonuts,$a,$b,470,270
0,RND2,a,50,100
0,RND2,b,50,100
0,TestDonuts,$a,$b,320,370
0,RND2,a,50,100
0,RND2,b,50,100
0,TestDonuts,$a,$b,320,270
0,GetHeartPos,A,X
0,RND2,B,163,478
0,RND2,C,281,361
0,Kai,$A,$X
0,Kai,$B,$C
2,GetHeartPos,A,X
0,RND2,B,163,478
0,RND2,C,281,361
0,Kai,$A,$X
0,Kai,$B,$C
2,GetHeartPos,A,X
0,RND2,B,163,478
0,RND2,C,281,361
0,Kai,$A,$X
0,Kai,$B,$C
0,GasterBlaster,1,690,$C,550,$C,180,1,0.2
2,GetHeartPos,A,X
0,RND2,B,163,478
0,RND2,C,281,361
0,Kai,$A,$X
0,Kai,$B,$C
2,GetHeartPos,A,X
0,RND2,B,163,478
0,RND2,C,281,361
0,Kai,$A,$X
0,Kai,$B,$C
0,RND2,C,251,391
0,ULB_Reflection
0,GasterBlaster,1,690,$C,550,$C,180,1,0.2
2,GetHeartPos,A,X
0,RND2,B,163,478
0,RND2,C,281,361
0,Kai,$A,$X
0,Kai,$B,$C
2,GetHeartPos,A,X
0,RND2,B,163,478
0,RND2,C,281,361
0,Kai,$A,$X
0,Kai,$B,$C
0,RND2,C,251,391
0.8,ULB_AnyDestroy

0,CombatZoneResizeInstant,33,251,608,391,,,,
0,HeartTeleport,320,351,,,,,,
0,HEartMode,1
0,PlayerHEal,30
0.1,ULB_PapEffect
0,SineBonesPTop,90,20,200,40,35,0,180,0,1
0.1,BoneP_SM,90
0.1,ULB_AnyRepeat
0,BoneD,-30,320,0,280,0,200,P2,0,0
0,BoneD,-30,320,90,280,0,200,P2,0,0
0,BoneD,670,320,0,280,180,-200,P2,0,0
0,BoneD,670,320,90,280,180,-200,P2,0,0
0.65,BoneP,18,256,82,0,230,0,0,0
0,BoneP,18,356,30,0,230,0,0,0
0,BoneP,613,256,82,2,230,0,0,0
0,BoneP,613,356,30,2,230,0,0,0

0.5,BoneP,18,256,92,0,230,0,0,0
0,BoneP,18,366,20,0,230,0,0,0
0,BoneP,613,256,92,2,230,0,0,0
0,BoneP,613,366,20,2,230,0,0,0

0.9,BoneP,18,256,62,0,230,0,0,0
0,BoneP,18,336,50,0,230,0,0,0
0,BoneP,613,256,62,2,230,0,0,0
0,BoneP,613,336,50,2,230,0,0,0

1.1,BonePH,38,241,282.5,1,170,0,0
0,CHOOSE,A,1,2
0,BonePH,38,241,565,1,170,$A,0
0.4,BonePH,320.5,241,282.5,1,170,0,0
0,CHOOSE,A,1,2
0,BonePH,38,241,565,1,170,$A,0
0.4,BonePH,38,241,282.5,1,170,0,0
0,CHOOSE,A,1,2
0,BonePH,38,241,565,1,170,$A,0
0.4,BonePH,320.5,241,282.5,1,170,0,0
0,CHOOSE,A,1,2
0,BonePH,38,241,565,1,170,$A,0
0.5,BoneP,18,256,50,0,180,0,1,0
0,BoneP,8,256,50,0,180,0,1,0
0,BoneP,-2,256,50,0,180,0,1,0
0,BoneP,18,336,50,0,180,0,2,0
0,BoneP,8,336,50,0,180,0,2,0
0,BoneP,-2,336,50,0,180,0,2,0
0,BoneP,-2,256,130,0,180,1,0
0,BoneP,8,256,130,0,180,1,0
0,BoneP,18,256,130,0,180,1,0
0,BoneP,613,256,50,2,180,0,3,0
0,BoneP,623,256,50,2,180,0,3,0
0,BoneP,633,256,50,2,180,0,3,0
0,BoneP,613,336,50,2,180,0,4,0
0,BoneP,623,336,50,2,180,0,4,0
0,BoneP,633,336,50,2,180,0,4,0
0,BoneP,613,256,130,2,180,1,0
0,BoneP,623,256,130,2,180,1,0
0,BoneP,633,256,130,2,180,1,0
0,ULB_IDP

2,BoneD,670,320,0,200,180,-180,P2,0,0
0,BoneD,670,320,90,200,180,-180,P2,0,0
1,ULB_AnyRepeatE
0,BoneD,-30,340,0,200,0,-300,P2,0,0
0,BoneD,-30,340,90,200,0,-300,P2,0,0
3,DustPapy
0,FadeScreen,1,1,1,1
1.25,ULB_GasterStart
0,ULB_TV
0,ULB_HealG
0,CombatZoneResizeInstant,209,226,434,391,,,,
0,HeartTeleport,270,304,,,,,,
0,HeartMode,0,,,,,,,
0.5,DialUp
1,ULB_GBoneV
0,ULB_GasterPartText1
3,ULB_GasterPartText2
4,ULB_GasterPartText3
3.5,ULB_GasterPartText4
1,ULB_GStart
0,ULB_CZSin
0,ULB_Noise
0,HandCircle,325,320,2,1,550,0,1,
0.1,BoneScaleChange,1,90,-4,,,,,
0,BoneScaleChange,0,90,-4,,,,,
1,ULB_Hand
1,RND2,X,209,434
0,CHOOSE,C,0,1
0,GasterBlaster,$C,$X,0,$X,166,90,0.5,0.15
1,RND2,X,209,434
0,CHOOSE,C,0,1
0,GasterBlaster,$C,$X,0,$X,166,90,0.5,0.15
1,RND2,X,209,434
0,CHOOSE,C,0,1
0,GasterBlaster,$C,$X,0,$X,166,90,0.5,0.15
1,RND2,X,209,434
0,CHOOSE,C,0,1
0,GasterBlaster,$C,$X,0,$X,166,90,0.5,0.15
1,RND2,X,209,434
0,CHOOSE,C,0,1
0,GasterBlaster,$C,$X,0,$X,166,90,0.5,0.15
1,RND2,X,209,434
0,CHOOSE,C,0,1
0,GasterBlaster,$C,$X,0,$X,166,90,0.5,0.15
1,RND2,X,209,434
0,CHOOSE,C,0,1
0,GasterBlaster,$C,$X,0,$X,166,90,0.5,0.15
1,RND2,X,209,434
0,CHOOSE,C,0,1
0,GasterBlaster,$C,$X,0,$X,166,90,0.5,0.15
1,RND2,X,209,434
0,CHOOSE,C,0,1
0,GasterBlaster,$C,$X,0,$X,166,90,0.5,0.15
1,RND2,X,209,434
0,CHOOSE,C,0,1
0,GasterBlaster,$C,$X,0,$X,166,90,0.5,0.15

1.5,ULB_GasterEnd
2,HeartTeleport,320,377
0,HeartMode,1
0,Sound,Ding,1
0,BoneV,128,356,30,0,160
0,BoneV,503,356,30,2,160
0,Bone,108,310,90,90,0,180,180,0,0,0,0
0,Bone,528,310,90,90,180,180,-180,0,0,0,0
0,BoneV,48,232,123,0,160,2
0,BoneV,583,232,123,2,160,2
0,BoneV,48,356,30,0,160,1
0,BoneV,583,356,30,2,160,1
1,BoneV,128,356,30,0,160
0,BoneV,503,356,30,2,160
0,Bone,108,310,90,90,0,180,180,0,0,0,0
0,Bone,528,310,90,90,180,180,-180,0,0,0,0
0,BoneV,48,232,123,0,160,2
0,BoneV,583,232,123,2,160,2
0,BoneV,48,356,30,0,160,1
0,BoneV,583,356,30,2,160,1
1,BoneV,128,356,30,0,160
0,BoneV,503,356,30,2,160
0,Bone,108,310,90,90,0,180,180,0,0,0,0
0,Bone,528,310,90,90,180,180,-180,0,0,0,0
0,BoneV,48,232,123,0,160,2
0,BoneV,583,232,123,2,160,2
0,BoneV,48,356,30,0,160,1
0,BoneV,583,356,30,2,160,1
1,BoneV,128,356,30,0,160
0,BoneV,503,356,30,2,160
0,Bone,108,310,90,90,0,180,180,0,0,0,0
0,Bone,528,310,90,90,180,180,-180,0,0,0,0
0,BoneV,48,232,123,0,160,2
0,BoneV,583,232,123,2,160,2
0,BoneV,48,356,30,0,160,1
0,BoneV,583,356,30,2,160,1

1,BoneV,128,356,30,0,160
0,BoneV,503,356,30,2,160
0,Bone,108,310,90,90,0,180,180,0,0,0,0
0,Bone,528,310,90,90,180,180,-180,0,0,0,0
0,BoneV,48,232,123,0,160,2
0,BoneV,583,232,123,2,160,2
0,BoneV,48,356,30,0,160,1
0,BoneV,583,356,30,2,160,1
2,BoneVRepeat,128,366,20,0,120,6,76
0,BoneVRepeat,513,257,107,2,120,6,76
0,ULB_HeadGlitch
4.5,ULB_Memory
0.5,SansShake,6
1,SansShake,6
0.7,SansShake,6
0.4,SansShake,6
0,ULB_SansMemory1
0.4,SansShake,6
0,ULB_SansMemory2
0.4,SansShake,6
0,ULB_SansMemory3
0,ULB_MemoryEnd
0,HEartTeleport,320,304
0,HeartMode,0
0,CombatZoneResizeInstant,239,226,404,391,,,,
0.5,ULB_MemorySide
0.5,SineBonesOld,30,-24,320,45,35,,,
0,SineBonesOld,30,24,320,45,35,,,
2.5,SansSlam,0
0,BoneCircle,325,310,24,2,240,0,1,
0.1,BoneScaleChange,1,35,-3,,,,,
0.5,HeartMode,0
0.4,BoneHR,130,216,197,1,200,,,
0,BoneHR,327,401,200,3,200,,,

0.5,BoneHR,130,401,200,3,200,,,
0,BoneHR,327,216,197,1,200,,,

0.5,BoneV,231,306,100,0,150,,,
0,BoneV,416,206,100,2,150,,,


0.5,BoneV,416,306,100,2,150,,,
0,BoneV,231,206,100,0,150,,,

1,FadeScreen,0,0,1,0,
0,ULB_Cursor3
0.05,CombatZoneResizeInstant,133,251,508,391
0,HeartTeleport,320,321
0,HeartMode,0
0,BoneVRepeat,128,257,130,0,180,10,200,2
0,BoneVRepeat,508,257,130,2,180,10,200,1,5
0.45,ULB_AngleFlip1
0,SineBonesOld,30,20,180,37,57
0.5,GasterBlaster,2,183,-50,183,156,90,2.5,0.2
0,GasterBlaster,2,283,-50,283,156,90,2,0.2
0,GasterBlaster,2,383,-50,383,156,90,1,0.2
0,GasterBlaster,2,483,-50,483,156,90,1.5,0.2
4,GasterBlaster,2,700,320,550,320,180,0.5,0.1
0,BoneCircle2,325,320,36,1,440,0,1,
0,ULB_AngleFlip2
0,ULB_BCC
0.1,BoneScaleChange,1,90,-2,,,,,
0.4,SET,Loop,10,,,,,,
0,SUB,Loop,$Loop,1,,,,,
0,RND,Ang,360,,,,,,
0,COS,X,$Ang,,,,,,
0,SIN,Y,$Ang,,,,,,
0,MUL,EndX,$X,200,,,,,
0,MUL,EndY,$Y,200,,,,,
0,MUL,X,$X,400,,,,,
0,MUL,Y,$Y,300,,,,,
0,GetHeartPos,HeartX,HeartY,,,,,,
0,ADD,EndX,$EndX,$HeartX,,,,,
0,ADD,EndY,$EndY,$HeartY,,,,,
0,ADD,X,$X,$HeartX,,,,,
0,ADD,Y,$Y,$HeartY,,,,,
0,JMPNL,802,$EndX,50,,,,,
0,SET,EndX,50,,,,,,
0,JMPNG,804,$EndX,590,,,,,
0,SET,EndX,590,,,,,,
0,JMPNL,806,$EndY,40,,,,,
0,SET,EndY,40,,,,,,
0,JMPNG,808,$EndY,440,,,,,
0,SET,EndY,440,,,,,,
0,ANGLE,Ang,$EndX,$EndY,$HeartX,$HeartY,,,
0,GasterBlaster,0,0,0,$EndX,$EndY,$Ang,0.5,0.2
0.5,JMPNZ,787,$Loop,,,,,
0.5,GasterBlaster,1,324,-20,324,146,90,0.2,0.1
0,GasterBlaster,1,700,320,550,320,180,0.2,0.1
1.5,FadeScreen,0,0,1,0,
0,ULB_SD
0,ULB_FinalHP
0.05,CombatZoneResizeInstant,239,-10,404,490,,,,

0.05,RND,a,640
0,RND,b,480
0,GetHeartPos,HX,HY
0,ANGLE,Ang,$a,$b,$HX,$HY
0,GasterBlaster,0,0,0,$a,$b,$Ang,0.3,0.1
0,CHOOSE,a,1,2
0,CHOOSE,b,1,2
0,BoneHR,230,-10,500,1,200,$a
0,BoneHR,230,490,500,3,200,$b
0,Bone,280.25,-60,82.5,0,90,230,200,0,0,0,0,0,
0,Bone,280.25,-60,82.5,90,90,230,200,0,0,0,0,0,
0,Bone,362.75,530,82.5,0,270,230,200,0,0,0,0,0,
0,Bone,362.75,530,82.5,90,270,230,200,0,0,0,0,0,

0.75,RND,a,640
0,RND,b,480
0,GetHeartPos,HX,HY
0,ANGLE,Ang,$a,$b,$HX,$HY
0,GasterBlaster,0,0,0,$a,$b,$Ang,0.3,0.1
0,CHOOSE,a,1,2
0,CHOOSE,b,1,2
0,BoneHR,230,-10,500,1,260,$a
0,BoneHR,230,490,500,3,260,$b


0.85,RND,a,640
0,RND,b,480
0,GetHeartPos,HX,HY
0,ANGLE,Ang,$a,$b,$HX,$HY
0,GasterBlaster,0,0,0,$a,$b,$Ang,0.3,0.1,
0,CHOOSE,a,1,2
0,CHOOSE,b,1,2
0,BoneHR,230,-10,500,1,260,$a
0,BoneHR,230,490,500,3,260,$b
0,Bone,280.25,-60,82.5,0,90,230,200,0,0,0,0,0,
0,Bone,280.25,-60,82.5,90,90,230,200,0,0,0,0,0,
0,Bone,362.75,530,82.5,0,270,230,200,0,0,0,0,0,
0,Bone,362.75,530,82.5,90,270,230,200,0,0,0,0,0,


0.85,RND,a,640
0,RND,b,480
0,GetHeartPos,HX,HY
0,ANGLE,Ang,$a,$b,$HX,$HY
0,GasterBlaster,0,0,0,$a,$b,$Ang,0.3,0.1,
0,CHOOSE,a,1,2
0,CHOOSE,b,1,2
0,BoneHR,230,-10,500,1,260,$a
0,BoneHR,230,490,500,3,260,$b



0.85,RND,a,640
0,RND,b,480
0,GetHeartPos,HX,HY
0,ANGLE,Ang,$a,$b,$HX,$HY
0,GasterBlaster,0,0,0,$a,$b,$Ang,0.3,0.1,
0,CHOOSE,a,1,2
0,CHOOSE,b,1,2
0,BoneHR,230,-10,500,1,260,$a
0,BoneHR,230,490,500,3,260,$b
0,Bone,280.25,-60,82.5,0,90,230,200,0,0,0,0,0,
0,Bone,280.25,-60,82.5,90,90,230,200,0,0,0,0,0,
0,Bone,362.75,530,82.5,0,270,230,200,0,0,0,0,0,
0,Bone,362.75,530,82.5,90,270,230,200,0,0,0,0,0,

0.85,RND,a,640
0,RND,b,480
0,GetHeartPos,HX,HY
0,ANGLE,Ang,$a,$b,$HX,$HY
0,GasterBlaster,0,0,0,$a,$b,$Ang,0.3,0.1,
0,CHOOSE,a,1,2
0,CHOOSE,b,1,2
0,BoneHR,230,-10,500,1,260,$a
0,BoneHR,230,490,500,3,260,$b


0.85,RND,a,640
0,RND,b,480
0,GetHeartPos,HX,HY
0,ANGLE,Ang,$a,$b,$HX,$HY
0,GasterBlaster,0,0,0,$a,$b,$Ang,0.3,0.1,
0,CHOOSE,a,1,2
0,CHOOSE,b,1,2
0,BoneHR,230,-10,500,1,260,$a
0,BoneHR,230,490,500,3,260,$b
0,Bone,280.25,-60,82.5,0,90,230,200,0,0,0,0,0,
0,Bone,280.25,-60,82.5,90,90,230,200,0,0,0,0,0,
0,Bone,362.75,530,82.5,0,270,230,200,0,0,0,0,0,
0,Bone,362.75,530,82.5,90,270,230,200,0,0,0,0,0,

0.85,RND,a,640
0,RND,b,480
0,GetHeartPos,HX,HY
0,ANGLE,Ang,$a,$b,$HX,$HY
0,GasterBlaster,0,0,0,$a,$b,$Ang,0.3,0.1,
0,CHOOSE,a,1,2
0,CHOOSE,b,1,2
0,BoneHR,230,-10,500,1,260,$a
0,BoneHR,230,490,500,3,260,$b


0.85,RND,a,640
0,RND,b,480
0,GetHeartPos,HX,HY
0,ANGLE,Ang,$a,$b,$HX,$HY
0,GasterBlaster,0,0,0,$a,$b,$Ang,0.3,0.1,
0,CHOOSE,a,1,2
0,CHOOSE,b,1,2
0,BoneHR,230,-10,500,1,260,$a
0,BoneHR,230,490,500,3,260,$b
0,Bone,280.25,-60,82.5,0,90,230,200,0,0,0,0,0,
0,Bone,280.25,-60,82.5,90,90,230,200,0,0,0,0,0,
0,Bone,362.75,530,82.5,0,270,230,200,0,0,0,0,0,
0,Bone,362.75,530,82.5,90,270,230,200,0,0,0,0,0,
0,FadeScreen,0,2.7,0,10
0.85,RND,a,640
0,RND,b,480
0,GetHeartPos,HX,HY
0,ANGLE,Ang,$a,$b,$HX,$HY
0,GasterBlaster,0,0,0,$a,$b,$Ang,0.3,0.1,
0,CHOOSE,a,1,2
0,CHOOSE,b,1,2
0,BoneHR,230,-10,500,1,260,$a
0,BoneHR,230,490,500,3,260,$b
0.85,RND,a,640
0,RND,b,480
0,GetHeartPos,HX,HY
0,ANGLE,Ang,$a,$b,$HX,$HY
0,GasterBlaster,0,0,0,$a,$b,$Ang,0.3,0.1,
0,CHOOSE,a,1,2
0,CHOOSE,b,1,2
0,BoneHR,230,-10,500,1,260,$a
0,BoneHR,230,490,500,3,260,$b
0,Bone,280.25,-60,82.5,0,90,230,200,0,0,0,0,0,
0,Bone,280.25,-60,82.5,90,90,230,200,0,0,0,0,0,
0,Bone,362.75,530,82.5,0,270,230,200,0,0,0,0,0,
0,Bone,362.75,530,82.5,90,270,230,200,0,0,0,0,0,
1.2,ULB_FinalDone
16.5,ULB_FInalAttack
4.2,BoneHRNO,304,0,32,1,400
7.8,SansHead,ULB_Tired2
0,DustSansULBCreate
4,DustSansULB
9,GotoULB



